#{"t_start": 1605599337.3078465, "env_id": "ChromeDino-v0"}
r,l,t
14.6,157,6.249776
31.7,328,11.398111
29.7,308,16.462881
