#{"t_start": 1605537337.1143863, "env_id": "ChromeDino-v0"}
r,l,t
29.3,304,11.615021
25.7,268,16.649338
26.1,272,21.666076
43.6,447,64.206277
25.0,261,69.161157
