#{"t_start": 1606023874.6575863, "env_id": "ChromeDinoHandrafted_accl-v0"}
r,l,t
7.54,96,20.264523
6.04,81,25.014924
6.26,83,29.774949
171.41,1736,130.114207
