#{"t_start": 1606031423.8673081, "env_id": "ChromeDinoHandrafted_accl-v0"}
r,l,t
189.15,1914,174.130651
124.03,1274,277.381459
