#{"t_start": 1606031427.1081407, "env_id": "ChromeDinoHandrafted_accl-v0"}
r,l,t
2.62,47,18.508663
96.51,991,99.280325
95.98,982,179.584992
159.83,1630,312.069365
