#{"t_start": 1606023877.8697011, "env_id": "ChromeDinoHandrafted_accl-v0"}
r,l,t
27.85,399,34.66873
13.23,154,43.444369
6.46,85,48.172954
