#{"t_start": 1606031431.1063452, "env_id": "ChromeDinoHandrafted_accl-v0"}
r,l,t
16.26,185,25.780671
56.69,593,73.312625
72.92,766,137.157801
44.3,564,182.608825
163.11,1654,317.251495
