#{"t_start": 1606023881.143972, "env_id": "ChromeDinoHandrafted_accl-v0"}
r,l,t
79.98,821,55.490437
7.32,94,60.934478
115.07,1172,128.990868
