#{"t_start": 1606031435.293856, "env_id": "ChromeDinoHandrafted_accl-v0"}
r,l,t
22.72,248,26.648901
21.49,237,45.470197
111.66,1137,139.068741
77.98,807,204.344355
158.68,1613,335.800004
47.32,497,376.31752
