#{"t_start": 1606023887.6520855, "env_id": "ChromeDinoHandrafted_accl-v0"}
r,l,t
156.92,1590,93.424178
10.56,127,100.764862
13.02,152,109.569694
23.85,359,130.588587
