#{"t_start": 1606031439.1215978, "env_id": "ChromeDinoHandrafted_accl-v0"}
r,l,t
176.84,1792,149.022874
82.3,848,217.892244
160.95,1635,351.064169
