#{"t_start": 1605547051.1958947, "env_id": "ChromeDino-v0"}
r,l,t
85.1,862,16.072674
29.3,304,31.898328
5.2,63,37.088354
6.5,76,43.39105
5.1,62,48.441127
11.4,125,58.641847
7.1,82,65.790848
7.3,84,73.148866
