#{"t_start": 1605764545.969956, "env_id": "ChromeDino-v0"}
r,l,t
13.33,161,10.415837
9.95,127,15.400367
9.79,126,20.422259
